Название;Ссылка
Игра в дурака;https://st.tivision.ru/images/gallery/redesign-shield-purchase.svg
Оккупация: Миссия «Дождь»;https://st.tivision.ru/images/gallery/redesign-shield-purchase.svg
В петле времени;https://st.tivision.ru/images/gallery/redesign-shield-purchase.svg
Одни дома;https://st.tivision.ru/images/gallery/redesign-shield-purchase.svg
Купец на все времена. Виртуальный музей Сергея Дягилева;https://st.tivision.ru/images/gallery/redesign-shield-subscription.svg
Толмен: Первый демон;https://st.tivision.ru/images/gallery/redesign-shield-purchase.svg
Иччи (на якутском языке с русскими субтитрами);https://st.tivision.ru/images/gallery/redesign-shield-purchase.svg
Красный призрак;https://st.tivision.ru/images/gallery/redesign-shield-subscription.svg
Тихое место 2;https://st.tivision.ru/images/gallery/redesign-shield-purchase.svg
Ледяной драйв;https://st.tivision.ru/images/gallery/redesign-shield-purchase.svg
Папа закодировался;https://st.tivision.ru/images/gallery/redesign-shield-subscription.svg
Аффект;https://st.tivision.ru/images/gallery/redesign-shield-purchase.svg
Нечестивые;https://st.tivision.ru/images/gallery/redesign-shield-purchase.svg
Гонщик;https://st.tivision.ru/images/gallery/redesign-shield-purchase.svg
День другодарения;https://st.tivision.ru/images/gallery/redesign-shield-purchase.svg
Хартс;https://st.tivision.ru/images/gallery/redesign-shield-purchase.svg
В конце туннеля;https://st.tivision.ru/images/gallery/redesign-shield-purchase.svg
Рыцари справедливости;https://st.tivision.ru/images/gallery/redesign-shield-purchase.svg
Маша;https://st.tivision.ru/images/gallery/redesign-shield-subscription.svg
Хозяин;https://st.tivision.ru/images/gallery/redesign-shield-purchase.svg
Грань времени;https://st.tivision.ru/images/gallery/redesign-shield-purchase.svg
В винном отражении (с русскими субтитрами);https://st.tivision.ru/images/gallery/redesign-shield-free.svg
Девятаев;https://st.tivision.ru/images/gallery/redesign-shield-subscription.svg
Шалом, папик!;https://st.tivision.ru/images/gallery/redesign-shield-purchase.svg
Пункт пропуска. Офицерская история;https://st.tivision.ru/images/gallery/redesign-shield-purchase.svg
Опасные игры;https://st.tivision.ru/images/gallery/redesign-shield-purchase.svg
Сердце и как им пользоваться;https://st.tivision.ru/images/gallery/redesign-shield-subscription.svg
Итальянские каникулы;https://st.tivision.ru/images/gallery/redesign-shield-purchase.svg
Дореми: В поисках волшебства;https://st.tivision.ru/images/gallery/redesign-shield-purchase.svg
Ассасин: Битва миров;https://st.tivision.ru/images/gallery/redesign-shield-purchase.svg
